{
  "name": "mauboussin-fmp-proxy",
  "version": "1.0.0",
  "description": "Production-ready proxy server for Financial Modeling Prep API",
  "main": "fmp-proxy-server-production.js",
  "scripts": {
    "start": "node fmp-proxy-server-production.js",
    "dev": "NODE_ENV=development node fmp-proxy-server-production.js",
    "prod": "NODE_ENV=production node fmp-proxy-server-production.js"
  },
  "dependencies": {
    "express": "^4.18.2",
    "cors": "^2.8.5",
    "node-fetch": "^2.6.7",
    "dotenv": "^16.0.3",
    "express-rate-limit": "^6.7.0"
  },
  "engines": {
    "node": ">=14.0.0"
  },
  "keywords": [
    "fmp",
    "financial",
    "proxy",
    "api"
  ],
  "author": "",
  "license": "MIT"
}
